-- MySQL dump 10.13  Distrib 5.7.17, for Win64 (x86_64)
--
-- Host: localhost    Database: kidzania_v3
-- ------------------------------------------------------
-- Server version	5.7.22-log

/*!40101 SET @OLD_CHARACTER_SET_CLIENT=@@CHARACTER_SET_CLIENT */;
/*!40101 SET @OLD_CHARACTER_SET_RESULTS=@@CHARACTER_SET_RESULTS */;
/*!40101 SET @OLD_COLLATION_CONNECTION=@@COLLATION_CONNECTION */;
/*!40101 SET NAMES utf8 */;
/*!40103 SET @OLD_TIME_ZONE=@@TIME_ZONE */;
/*!40103 SET TIME_ZONE='+00:00' */;
/*!40014 SET @OLD_UNIQUE_CHECKS=@@UNIQUE_CHECKS, UNIQUE_CHECKS=0 */;
/*!40014 SET @OLD_FOREIGN_KEY_CHECKS=@@FOREIGN_KEY_CHECKS, FOREIGN_KEY_CHECKS=0 */;
/*!40101 SET @OLD_SQL_MODE=@@SQL_MODE, SQL_MODE='NO_AUTO_VALUE_ON_ZERO' */;
/*!40111 SET @OLD_SQL_NOTES=@@SQL_NOTES, SQL_NOTES=0 */;

--
-- Table structure for table `account_type`
--

DROP TABLE IF EXISTS `account_type`;
/*!40101 SET @saved_cs_client     = @@character_set_client */;
/*!40101 SET character_set_client = utf8 */;
CREATE TABLE `account_type` (
  `account_type_id` int(11) NOT NULL AUTO_INCREMENT,
  `account_type` varchar(45) NOT NULL,
  `station_id` int(11) DEFAULT NULL,
  PRIMARY KEY (`account_type_id`),
  UNIQUE KEY `account_type` (`account_type`,`station_id`),
  KEY `account_type_idx` (`account_type_id`),
  KEY `station_fk` (`station_id`),
  CONSTRAINT `station_fk` FOREIGN KEY (`station_id`) REFERENCES `stations` (`station_id`) ON DELETE CASCADE ON UPDATE CASCADE
) ENGINE=InnoDB AUTO_INCREMENT=12 DEFAULT CHARSET=latin1;
/*!40101 SET character_set_client = @saved_cs_client */;

--
-- Dumping data for table `account_type`
--

LOCK TABLES `account_type` WRITE;
/*!40000 ALTER TABLE `account_type` DISABLE KEYS */;
INSERT INTO `account_type` VALUES (2,'Admin',NULL),(3,'Crew',1),(1,'Master Admin',NULL);
/*!40000 ALTER TABLE `account_type` ENABLE KEYS */;
UNLOCK TABLES;

--
-- Table structure for table `available_sessions`
--

DROP TABLE IF EXISTS `available_sessions`;
/*!40101 SET @saved_cs_client     = @@character_set_client */;
/*!40101 SET character_set_client = utf8 */;
CREATE TABLE `available_sessions` (
  `session_date` date NOT NULL,
  `session_id` int(11) NOT NULL,
  `station_id` int(11) NOT NULL,
  `role_id` int(11) NOT NULL,
  `noBooked` int(11) NOT NULL,
  `capacity` int(11) NOT NULL,
  PRIMARY KEY (`session_date`,`session_id`),
  UNIQUE KEY `station_roles_idx` (`session_date`,`session_id`,`station_id`,`role_id`),
  KEY `sessions_idx` (`session_id`,`station_id`,`role_id`)
) ENGINE=InnoDB DEFAULT CHARSET=utf8;
/*!40101 SET character_set_client = @saved_cs_client */;

--
-- Dumping data for table `available_sessions`
--

LOCK TABLES `available_sessions` WRITE;
/*!40000 ALTER TABLE `available_sessions` DISABLE KEYS */;
INSERT INTO `available_sessions` VALUES ('2018-07-20',1,1,1,4,4),('2018-07-20',2,1,1,1,4),('2018-07-20',3,1,1,0,4),('2018-07-20',4,1,1,0,4),('2018-07-20',5,1,1,0,4),('2018-07-20',6,1,1,0,4),('2018-07-20',7,1,1,0,4),('2018-07-20',8,1,1,1,4),('2018-07-20',9,1,1,0,4),('2018-07-20',10,1,1,0,4),('2018-07-20',11,1,1,0,4),('2018-07-20',12,1,1,0,4),('2018-07-20',13,1,1,0,4),('2018-07-20',14,1,1,0,4),('2018-07-20',15,1,1,0,4),('2018-07-20',16,1,1,0,4),('2018-07-20',17,1,2,0,4),('2018-07-20',18,1,2,0,4),('2018-07-20',19,1,2,0,4),('2018-07-20',20,1,2,0,4),('2018-07-20',21,1,2,0,4),('2018-07-20',22,1,2,0,4),('2018-07-20',23,1,2,0,4),('2018-07-20',24,1,2,0,4),('2018-07-20',25,1,2,0,4),('2018-07-20',26,1,2,0,4),('2018-07-20',27,1,2,0,4),('2018-07-20',28,1,2,0,4),('2018-07-20',29,1,2,0,4),('2018-07-20',30,1,2,0,4),('2018-07-20',31,1,2,0,4),('2018-07-20',32,1,2,0,4),('2018-07-20',57,3,6,3,4),('2018-07-20',58,3,6,0,4),('2018-07-20',59,3,6,0,4),('2018-07-20',60,3,6,0,4),('2018-07-20',61,3,6,0,4),('2018-07-20',62,3,6,0,4),('2018-07-20',63,3,6,0,4),('2018-07-20',64,3,6,0,4),('2018-07-20',65,3,6,0,4),('2018-07-20',66,3,6,0,4),('2018-07-20',67,3,6,0,4),('2018-07-20',68,3,6,0,4),('2018-07-20',69,3,6,0,4),('2018-07-20',70,3,6,0,4),('2018-07-20',71,3,6,0,4),('2018-07-20',72,3,6,0,4),('2018-07-20',73,3,6,0,4),('2018-07-20',74,3,6,0,4),('2018-07-20',75,3,6,0,4),('2018-07-20',76,3,6,0,4),('2018-07-20',77,3,6,0,4),('2018-07-20',78,3,6,0,4),('2018-07-20',79,3,6,0,4),('2018-07-20',80,3,6,0,4),('2018-07-21',1,1,1,0,4),('2018-07-21',2,1,1,0,4),('2018-07-21',3,1,1,0,4),('2018-07-21',4,1,1,0,4),('2018-07-21',5,1,1,0,4),('2018-07-21',6,1,1,0,4),('2018-07-21',7,1,1,0,4),('2018-07-21',8,1,1,0,4),('2018-07-21',9,1,1,0,4),('2018-07-21',10,1,1,0,4),('2018-07-21',11,1,1,0,4),('2018-07-21',12,1,1,0,4),('2018-07-21',13,1,1,0,4),('2018-07-21',14,1,1,0,4),('2018-07-21',15,1,1,0,4),('2018-07-21',16,1,1,0,4),('2018-07-21',17,1,2,0,4),('2018-07-21',18,1,2,0,4),('2018-07-21',19,1,2,0,4),('2018-07-21',20,1,2,0,4),('2018-07-21',21,1,2,0,4),('2018-07-21',22,1,2,0,4),('2018-07-21',23,1,2,0,4),('2018-07-21',24,1,2,0,4),('2018-07-21',25,1,2,0,4),('2018-07-21',26,1,2,0,4),('2018-07-21',27,1,2,0,4),('2018-07-21',28,1,2,0,4),('2018-07-21',29,1,2,0,4),('2018-07-21',30,1,2,0,4),('2018-07-21',31,1,2,0,4),('2018-07-21',32,1,2,0,4),('2018-07-22',1,1,1,0,4),('2018-07-22',2,1,1,0,4),('2018-07-22',3,1,1,0,4),('2018-07-22',4,1,1,0,4),('2018-07-22',5,1,1,0,4),('2018-07-22',6,1,1,0,4),('2018-07-22',7,1,1,0,4),('2018-07-22',8,1,1,0,4),('2018-07-22',9,1,1,0,4),('2018-07-22',10,1,1,0,4),('2018-07-22',11,1,1,0,4),('2018-07-22',12,1,1,0,4),('2018-07-22',13,1,1,0,4),('2018-07-22',14,1,1,0,4),('2018-07-22',15,1,1,0,4),('2018-07-22',16,1,1,0,4),('2018-07-22',17,1,2,0,4),('2018-07-22',18,1,2,0,4),('2018-07-22',19,1,2,0,4),('2018-07-22',20,1,2,0,4),('2018-07-22',21,1,2,0,4),('2018-07-22',22,1,2,0,4),('2018-07-22',23,1,2,0,4),('2018-07-22',24,1,2,0,4),('2018-07-22',25,1,2,0,4),('2018-07-22',26,1,2,0,4),('2018-07-22',27,1,2,0,4),('2018-07-22',28,1,2,0,4),('2018-07-22',29,1,2,0,4),('2018-07-22',30,1,2,0,4),('2018-07-22',31,1,2,0,4),('2018-07-22',32,1,2,0,4),('2018-07-22',57,3,6,0,4),('2018-07-22',58,3,6,0,4),('2018-07-22',59,3,6,0,4),('2018-07-22',60,3,6,0,4),('2018-07-22',61,3,6,0,4),('2018-07-22',62,3,6,0,4),('2018-07-22',63,3,6,0,4),('2018-07-22',64,3,6,0,4),('2018-07-22',65,3,6,0,4),('2018-07-22',66,3,6,0,4),('2018-07-22',67,3,6,0,4),('2018-07-22',68,3,6,0,4),('2018-07-22',69,3,6,0,4),('2018-07-22',70,3,6,0,4),('2018-07-22',71,3,6,0,4),('2018-07-22',72,3,6,0,4),('2018-07-22',73,3,6,0,4),('2018-07-22',74,3,6,0,4),('2018-07-22',75,3,6,0,4),('2018-07-22',76,3,6,0,4),('2018-07-22',77,3,6,0,4),('2018-07-22',78,3,6,0,4),('2018-07-22',79,3,6,0,4),('2018-07-22',80,3,6,0,4),('2018-07-23',1,1,1,0,4),('2018-07-23',2,1,1,0,4),('2018-07-23',3,1,1,0,4),('2018-07-23',4,1,1,0,4),('2018-07-23',5,1,1,0,4),('2018-07-23',6,1,1,0,4),('2018-07-23',7,1,1,0,4),('2018-07-23',8,1,1,0,4),('2018-07-23',9,1,1,0,4),('2018-07-23',10,1,1,0,4),('2018-07-23',11,1,1,0,4),('2018-07-23',12,1,1,0,4),('2018-07-23',13,1,1,0,4),('2018-07-23',14,1,1,0,4),('2018-07-23',15,1,1,0,4),('2018-07-23',16,1,1,0,4),('2018-07-23',17,1,2,0,4),('2018-07-23',18,1,2,0,4),('2018-07-23',19,1,2,0,4),('2018-07-23',20,1,2,0,4),('2018-07-23',21,1,2,0,4),('2018-07-23',22,1,2,0,4),('2018-07-23',23,1,2,0,4),('2018-07-23',24,1,2,0,4),('2018-07-23',25,1,2,0,4),('2018-07-23',26,1,2,0,4),('2018-07-23',27,1,2,0,4),('2018-07-23',28,1,2,0,4),('2018-07-23',29,1,2,0,4),('2018-07-23',30,1,2,0,4),('2018-07-23',31,1,2,0,4),('2018-07-23',32,1,2,0,4),('2018-07-23',57,3,6,0,4),('2018-07-23',58,3,6,0,4),('2018-07-23',59,3,6,0,4),('2018-07-23',60,3,6,0,4),('2018-07-23',61,3,6,0,4),('2018-07-23',62,3,6,0,4),('2018-07-23',63,3,6,0,4),('2018-07-23',64,3,6,0,4),('2018-07-23',65,3,6,0,4),('2018-07-23',66,3,6,0,4),('2018-07-23',67,3,6,0,4),('2018-07-23',68,3,6,0,4),('2018-07-23',69,3,6,0,4),('2018-07-23',70,3,6,0,4),('2018-07-23',71,3,6,0,4),('2018-07-23',72,3,6,0,4),('2018-07-23',73,3,6,0,4),('2018-07-23',74,3,6,0,4),('2018-07-23',75,3,6,0,4),('2018-07-23',76,3,6,0,4),('2018-07-23',77,3,6,0,4),('2018-07-23',78,3,6,0,4),('2018-07-23',79,3,6,0,4),('2018-07-23',80,3,6,0,4),('2018-07-23',113,8,9,0,4),('2018-07-23',114,8,9,0,4),('2018-07-23',115,8,9,0,4),('2018-07-23',116,8,9,0,4),('2018-07-23',117,8,9,0,4),('2018-07-23',118,8,9,0,4),('2018-07-23',119,8,9,0,4),('2018-07-23',120,8,9,0,4),('2018-07-23',121,8,9,0,4),('2018-07-23',122,8,9,0,4),('2018-07-23',123,8,9,0,4),('2018-07-23',124,8,9,0,4),('2018-07-23',125,8,9,0,4),('2018-07-23',126,8,9,0,4),('2018-07-23',127,8,9,0,4),('2018-07-23',128,8,9,0,4),('2018-07-24',1,1,1,0,4),('2018-07-24',2,1,1,0,4),('2018-07-24',3,1,1,0,4),('2018-07-24',4,1,1,0,4),('2018-07-24',5,1,1,0,4),('2018-07-24',6,1,1,0,4),('2018-07-24',7,1,1,0,4),('2018-07-24',8,1,1,0,4),('2018-07-24',9,1,1,0,4),('2018-07-24',10,1,1,0,4),('2018-07-24',11,1,1,0,4),('2018-07-24',12,1,1,0,4),('2018-07-24',13,1,1,0,4),('2018-07-24',14,1,1,0,4),('2018-07-24',15,1,1,0,4),('2018-07-24',16,1,1,0,4),('2018-07-24',17,1,2,0,4),('2018-07-24',18,1,2,0,4),('2018-07-24',19,1,2,0,4),('2018-07-24',20,1,2,0,4),('2018-07-24',21,1,2,0,4),('2018-07-24',22,1,2,0,4),('2018-07-24',23,1,2,0,4),('2018-07-24',24,1,2,0,4),('2018-07-24',25,1,2,0,4),('2018-07-24',26,1,2,0,4),('2018-07-24',27,1,2,0,4),('2018-07-24',28,1,2,0,4),('2018-07-24',29,1,2,0,4),('2018-07-24',30,1,2,0,4),('2018-07-24',31,1,2,0,4),('2018-07-24',32,1,2,0,4),('2018-07-24',57,3,6,0,4),('2018-07-24',58,3,6,0,4),('2018-07-24',59,3,6,0,4),('2018-07-24',60,3,6,0,4),('2018-07-24',61,3,6,0,4),('2018-07-24',62,3,6,0,4),('2018-07-24',63,3,6,0,4),('2018-07-24',64,3,6,0,4),('2018-07-24',65,3,6,0,4),('2018-07-24',66,3,6,0,4),('2018-07-24',67,3,6,0,4),('2018-07-24',68,3,6,0,4),('2018-07-24',69,3,6,0,4),('2018-07-24',70,3,6,0,4),('2018-07-24',71,3,6,0,4),('2018-07-24',72,3,6,0,4),('2018-07-24',73,3,6,0,4),('2018-07-24',74,3,6,0,4),('2018-07-24',75,3,6,0,4),('2018-07-24',76,3,6,0,4),('2018-07-24',77,3,6,0,4),('2018-07-24',78,3,6,0,4),('2018-07-24',79,3,6,0,4),('2018-07-24',80,3,6,0,4),('2018-07-24',113,8,9,0,4),('2018-07-24',114,8,9,0,4),('2018-07-24',115,8,9,0,4),('2018-07-24',116,8,9,0,4),('2018-07-24',117,8,9,0,4),('2018-07-24',118,8,9,0,4),('2018-07-24',119,8,9,0,4),('2018-07-24',120,8,9,0,4),('2018-07-24',121,8,9,0,4),('2018-07-24',122,8,9,0,4),('2018-07-24',123,8,9,0,4),('2018-07-24',124,8,9,0,4),('2018-07-24',125,8,9,0,4),('2018-07-24',126,8,9,0,4),('2018-07-24',127,8,9,0,4),('2018-07-24',128,8,9,0,4),('2018-07-26',1,1,1,0,4),('2018-07-26',2,1,1,0,4),('2018-07-26',3,1,1,0,4),('2018-07-26',4,1,1,0,4),('2018-07-26',5,1,1,0,4),('2018-07-26',6,1,1,0,4),('2018-07-26',7,1,1,0,4),('2018-07-26',8,1,1,0,4),('2018-07-26',9,1,1,0,4),('2018-07-26',10,1,1,0,4),('2018-07-26',11,1,1,0,4),('2018-07-26',12,1,1,0,4),('2018-07-26',13,1,1,0,4),('2018-07-26',14,1,1,0,4),('2018-07-26',15,1,1,0,4),('2018-07-26',16,1,1,0,4),('2018-07-26',17,1,2,0,4),('2018-07-26',18,1,2,0,4),('2018-07-26',19,1,2,0,4),('2018-07-26',20,1,2,0,4),('2018-07-26',21,1,2,0,4),('2018-07-26',22,1,2,0,4),('2018-07-26',23,1,2,0,4),('2018-07-26',24,1,2,0,4),('2018-07-26',25,1,2,0,4),('2018-07-26',26,1,2,0,4),('2018-07-26',27,1,2,0,4),('2018-07-26',28,1,2,0,4),('2018-07-26',29,1,2,0,4),('2018-07-26',30,1,2,0,4),('2018-07-26',31,1,2,0,4),('2018-07-26',32,1,2,0,4),('2018-07-26',57,3,6,4,4),('2018-07-26',58,3,6,0,4),('2018-07-26',59,3,6,0,4),('2018-07-26',60,3,6,0,4),('2018-07-26',61,3,6,0,4),('2018-07-26',62,3,6,0,4),('2018-07-26',63,3,6,0,4),('2018-07-26',64,3,6,0,4),('2018-07-26',65,3,6,0,4),('2018-07-26',66,3,6,0,4),('2018-07-26',67,3,6,0,4),('2018-07-26',68,3,6,0,4),('2018-07-26',69,3,6,0,4),('2018-07-26',70,3,6,0,4),('2018-07-26',71,3,6,0,4),('2018-07-26',72,3,6,0,4),('2018-07-26',73,3,6,0,4),('2018-07-26',74,3,6,0,4),('2018-07-26',75,3,6,0,4),('2018-07-26',76,3,6,0,4),('2018-07-26',77,3,6,0,4),('2018-07-26',78,3,6,0,4),('2018-07-26',79,3,6,0,4),('2018-07-26',80,3,6,0,4),('2018-07-26',113,8,9,0,4),('2018-07-26',114,8,9,0,4),('2018-07-26',115,8,9,0,4),('2018-07-26',116,8,9,0,4),('2018-07-26',117,8,9,0,4),('2018-07-26',118,8,9,0,4),('2018-07-26',119,8,9,0,4),('2018-07-26',120,8,9,0,4),('2018-07-26',121,8,9,0,4),('2018-07-26',122,8,9,0,4),('2018-07-26',123,8,9,0,4),('2018-07-26',124,8,9,0,4),('2018-07-26',125,8,9,0,4),('2018-07-26',126,8,9,0,4),('2018-07-26',127,8,9,0,4),('2018-07-26',128,8,9,0,4),('2018-07-30',1,1,1,0,4),('2018-07-30',2,1,1,0,4),('2018-07-30',3,1,1,0,4),('2018-07-30',4,1,1,0,4),('2018-07-30',5,1,1,0,4),('2018-07-30',6,1,1,0,4),('2018-07-30',7,1,1,0,4),('2018-07-30',8,1,1,0,4),('2018-07-30',9,1,1,0,4),('2018-07-30',10,1,1,0,4),('2018-07-30',11,1,1,0,4),('2018-07-30',12,1,1,0,4),('2018-07-30',13,1,1,0,4),('2018-07-30',14,1,1,0,4),('2018-07-30',15,1,1,0,4),('2018-07-30',16,1,1,0,4),('2018-07-30',17,1,2,0,4),('2018-07-30',18,1,2,0,4),('2018-07-30',19,1,2,0,4),('2018-07-30',20,1,2,0,4),('2018-07-30',21,1,2,0,4),('2018-07-30',22,1,2,0,4),('2018-07-30',23,1,2,0,4),('2018-07-30',24,1,2,0,4),('2018-07-30',25,1,2,0,4),('2018-07-30',26,1,2,0,4),('2018-07-30',27,1,2,0,4),('2018-07-30',28,1,2,0,4),('2018-07-30',29,1,2,0,4),('2018-07-30',30,1,2,0,4),('2018-07-30',31,1,2,0,4),('2018-07-30',32,1,2,0,4),('2018-07-30',57,3,6,0,4),('2018-07-30',58,3,6,0,4),('2018-07-30',59,3,6,0,4),('2018-07-30',60,3,6,0,4),('2018-07-30',61,3,6,0,4),('2018-07-30',62,3,6,0,4),('2018-07-30',63,3,6,0,4),('2018-07-30',64,3,6,0,4),('2018-07-30',65,3,6,0,4),('2018-07-30',66,3,6,0,4),('2018-07-30',67,3,6,0,4),('2018-07-30',68,3,6,0,4),('2018-07-30',69,3,6,0,4),('2018-07-30',70,3,6,0,4),('2018-07-30',71,3,6,0,4),('2018-07-30',72,3,6,0,4),('2018-07-30',73,3,6,0,4),('2018-07-30',74,3,6,0,4),('2018-07-30',75,3,6,0,4),('2018-07-30',76,3,6,0,4),('2018-07-30',77,3,6,0,4),('2018-07-30',78,3,6,0,4),('2018-07-30',79,3,6,0,4),('2018-07-30',80,3,6,0,4),('2018-07-30',113,8,9,4,4),('2018-07-30',114,8,9,0,4),('2018-07-30',115,8,9,0,4),('2018-07-30',116,8,9,0,4),('2018-07-30',117,8,9,0,4),('2018-07-30',118,8,9,0,4),('2018-07-30',119,8,9,0,4),('2018-07-30',120,8,9,0,4),('2018-07-30',121,8,9,0,4),('2018-07-30',122,8,9,0,4),('2018-07-30',123,8,9,0,4),('2018-07-30',124,8,9,0,4),('2018-07-30',125,8,9,0,4),('2018-07-30',126,8,9,0,4),('2018-07-30',127,8,9,0,4),('2018-07-30',128,8,9,0,4),('2018-07-31',1,1,1,0,4),('2018-07-31',2,1,1,0,4),('2018-07-31',3,1,1,0,4),('2018-07-31',4,1,1,0,4),('2018-07-31',5,1,1,0,4),('2018-07-31',6,1,1,0,4),('2018-07-31',7,1,1,0,4),('2018-07-31',8,1,1,0,4),('2018-07-31',9,1,1,0,4),('2018-07-31',10,1,1,4,4),('2018-07-31',11,1,1,4,4),('2018-07-31',12,1,1,0,4),('2018-07-31',13,1,1,0,4),('2018-07-31',14,1,1,0,4),('2018-07-31',15,1,1,0,4),('2018-07-31',16,1,1,0,4),('2018-07-31',17,1,2,0,4),('2018-07-31',18,1,2,0,4),('2018-07-31',19,1,2,0,4),('2018-07-31',20,1,2,0,4),('2018-07-31',21,1,2,0,4),('2018-07-31',22,1,2,0,4),('2018-07-31',23,1,2,0,4),('2018-07-31',24,1,2,0,4),('2018-07-31',25,1,2,0,4),('2018-07-31',26,1,2,0,4),('2018-07-31',27,1,2,0,4),('2018-07-31',28,1,2,0,4),('2018-07-31',29,1,2,0,4),('2018-07-31',30,1,2,0,4),('2018-07-31',31,1,2,0,4),('2018-07-31',32,1,2,0,4),('2018-07-31',57,3,6,0,4),('2018-07-31',58,3,6,0,4),('2018-07-31',59,3,6,0,4),('2018-07-31',60,3,6,0,4),('2018-07-31',61,3,6,0,4),('2018-07-31',62,3,6,0,4),('2018-07-31',63,3,6,0,4),('2018-07-31',64,3,6,0,4),('2018-07-31',65,3,6,0,4),('2018-07-31',66,3,6,0,4),('2018-07-31',67,3,6,0,4),('2018-07-31',68,3,6,0,4),('2018-07-31',69,3,6,0,4),('2018-07-31',70,3,6,0,4),('2018-07-31',71,3,6,0,4),('2018-07-31',72,3,6,0,4),('2018-07-31',73,3,6,0,4),('2018-07-31',74,3,6,0,4),('2018-07-31',75,3,6,0,4),('2018-07-31',76,3,6,0,4),('2018-07-31',77,3,6,0,4),('2018-07-31',78,3,6,0,4),('2018-07-31',79,3,6,0,4),('2018-07-31',80,3,6,0,4),('2018-07-31',113,8,9,0,4),('2018-07-31',114,8,9,0,4),('2018-07-31',115,8,9,0,4),('2018-07-31',116,8,9,0,4),('2018-07-31',117,8,9,0,4),('2018-07-31',118,8,9,0,4),('2018-07-31',119,8,9,0,4),('2018-07-31',120,8,9,0,4),('2018-07-31',121,8,9,0,4),('2018-07-31',122,8,9,0,4),('2018-07-31',123,8,9,0,4),('2018-07-31',124,8,9,0,4),('2018-07-31',125,8,9,0,4),('2018-07-31',126,8,9,0,4),('2018-07-31',127,8,9,0,4),('2018-07-31',128,8,9,0,4),('2018-08-01',1,1,1,0,4),('2018-08-01',2,1,1,0,4),('2018-08-01',3,1,1,0,4),('2018-08-01',4,1,1,0,4),('2018-08-01',5,1,1,0,4),('2018-08-01',6,1,1,0,4),('2018-08-01',7,1,1,0,4),('2018-08-01',8,1,1,0,4),('2018-08-01',9,1,1,0,4),('2018-08-01',10,1,1,0,4),('2018-08-01',11,1,1,4,4),('2018-08-01',12,1,1,0,4),('2018-08-01',13,1,1,0,4),('2018-08-01',14,1,1,0,4),('2018-08-01',15,1,1,0,4),('2018-08-01',16,1,1,0,4),('2018-08-01',17,1,2,0,4),('2018-08-01',18,1,2,0,4),('2018-08-01',19,1,2,0,4),('2018-08-01',20,1,2,0,4),('2018-08-01',21,1,2,0,4),('2018-08-01',22,1,2,0,4),('2018-08-01',23,1,2,0,4),('2018-08-01',24,1,2,0,4),('2018-08-01',25,1,2,0,4),('2018-08-01',26,1,2,0,4),('2018-08-01',27,1,2,0,4),('2018-08-01',28,1,2,0,4),('2018-08-01',29,1,2,0,4),('2018-08-01',30,1,2,0,4),('2018-08-01',31,1,2,0,4),('2018-08-01',32,1,2,0,4),('2018-08-01',57,3,6,0,4),('2018-08-01',58,3,6,0,4),('2018-08-01',59,3,6,0,4),('2018-08-01',60,3,6,0,4),('2018-08-01',61,3,6,0,4),('2018-08-01',62,3,6,0,4),('2018-08-01',63,3,6,0,4),('2018-08-01',64,3,6,0,4),('2018-08-01',65,3,6,0,4),('2018-08-01',66,3,6,0,4),('2018-08-01',67,3,6,0,4),('2018-08-01',68,3,6,0,4),('2018-08-01',69,3,6,0,4),('2018-08-01',70,3,6,0,4),('2018-08-01',71,3,6,0,4),('2018-08-01',72,3,6,0,4),('2018-08-01',73,3,6,0,4),('2018-08-01',74,3,6,0,4),('2018-08-01',75,3,6,0,4),('2018-08-01',76,3,6,0,4),('2018-08-01',77,3,6,0,4),('2018-08-01',78,3,6,0,4),('2018-08-01',79,3,6,0,4),('2018-08-01',80,3,6,0,4),('2018-08-01',113,8,9,0,4),('2018-08-01',114,8,9,0,4),('2018-08-01',115,8,9,0,4),('2018-08-01',116,8,9,0,4),('2018-08-01',117,8,9,0,4),('2018-08-01',118,8,9,0,4),('2018-08-01',119,8,9,0,4),('2018-08-01',120,8,9,0,4),('2018-08-01',121,8,9,0,4),('2018-08-01',122,8,9,0,4),('2018-08-01',123,8,9,0,4),('2018-08-01',124,8,9,0,4),('2018-08-01',125,8,9,0,4),('2018-08-01',126,8,9,0,4),('2018-08-01',127,8,9,0,4),('2018-08-01',128,8,9,0,4),('2018-08-02',1,1,1,4,4),('2018-08-02',2,1,1,4,4),('2018-08-02',3,1,1,4,4),('2018-08-02',4,1,1,0,4),('2018-08-02',5,1,1,0,4),('2018-08-02',6,1,1,0,4),('2018-08-02',7,1,1,0,4),('2018-08-02',8,1,1,0,4),('2018-08-02',9,1,1,0,4),('2018-08-02',10,1,1,0,4),('2018-08-02',11,1,1,4,4),('2018-08-02',12,1,1,0,4),('2018-08-02',13,1,1,0,4),('2018-08-02',14,1,1,0,4),('2018-08-02',15,1,1,0,4),('2018-08-02',16,1,1,0,4),('2018-08-02',17,1,2,4,4),('2018-08-02',18,1,2,4,4),('2018-08-02',19,1,2,4,4),('2018-08-02',20,1,2,0,4),('2018-08-02',21,1,2,0,4),('2018-08-02',22,1,2,0,4),('2018-08-02',23,1,2,0,4),('2018-08-02',24,1,2,0,4),('2018-08-02',25,1,2,0,4),('2018-08-02',26,1,2,0,4),('2018-08-02',27,1,2,0,4),('2018-08-02',28,1,2,0,4),('2018-08-02',29,1,2,0,4),('2018-08-02',30,1,2,0,4),('2018-08-02',31,1,2,0,4),('2018-08-02',32,1,2,0,4),('2018-08-02',57,3,6,4,4),('2018-08-02',58,3,6,4,4),('2018-08-02',59,3,6,4,4),('2018-08-02',60,3,6,4,4),('2018-08-02',61,3,6,0,4),('2018-08-02',62,3,6,0,4),('2018-08-02',63,3,6,0,4),('2018-08-02',64,3,6,0,4),('2018-08-02',65,3,6,0,4),('2018-08-02',66,3,6,0,4),('2018-08-02',67,3,6,0,4),('2018-08-02',68,3,6,0,4),('2018-08-02',69,3,6,0,4),('2018-08-02',70,3,6,0,4),('2018-08-02',71,3,6,0,4),('2018-08-02',72,3,6,0,4),('2018-08-02',73,3,6,0,4),('2018-08-02',74,3,6,0,4),('2018-08-02',75,3,6,0,4),('2018-08-02',76,3,6,0,4),('2018-08-02',77,3,6,0,4),('2018-08-02',78,3,6,0,4),('2018-08-02',79,3,6,0,4),('2018-08-02',80,3,6,0,4),('2018-08-02',113,8,9,4,4),('2018-08-02',114,8,9,4,4),('2018-08-02',115,8,9,4,4),('2018-08-02',116,8,9,0,4),('2018-08-02',117,8,9,0,4),('2018-08-02',118,8,9,0,4),('2018-08-02',119,8,9,0,4),('2018-08-02',120,8,9,0,4),('2018-08-02',121,8,9,0,4),('2018-08-02',122,8,9,0,4),('2018-08-02',123,8,9,0,4),('2018-08-02',124,8,9,0,4),('2018-08-02',125,8,9,0,4),('2018-08-02',126,8,9,0,4),('2018-08-02',127,8,9,0,4),('2018-08-02',128,8,9,0,4),('2018-08-03',1,1,1,0,4),('2018-08-03',2,1,1,0,4),('2018-08-03',3,1,1,0,4),('2018-08-03',4,1,1,0,4),('2018-08-03',5,1,1,0,4),('2018-08-03',6,1,1,0,4),('2018-08-03',7,1,1,0,4),('2018-08-03',8,1,1,0,4),('2018-08-03',9,1,1,0,4),('2018-08-03',10,1,1,0,4),('2018-08-03',11,1,1,4,4),('2018-08-03',12,1,1,0,4),('2018-08-03',13,1,1,0,4),('2018-08-03',14,1,1,0,4),('2018-08-03',15,1,1,0,4),('2018-08-03',16,1,1,0,4),('2018-08-03',17,1,2,0,4),('2018-08-03',18,1,2,0,4),('2018-08-03',19,1,2,0,4),('2018-08-03',20,1,2,0,4),('2018-08-03',21,1,2,0,4),('2018-08-03',22,1,2,0,4),('2018-08-03',23,1,2,0,4),('2018-08-03',24,1,2,0,4),('2018-08-03',25,1,2,0,4),('2018-08-03',26,1,2,0,4),('2018-08-03',27,1,2,0,4),('2018-08-03',28,1,2,0,4),('2018-08-03',29,1,2,0,4),('2018-08-03',30,1,2,0,4),('2018-08-03',31,1,2,0,4),('2018-08-03',32,1,2,0,4),('2018-08-03',57,3,6,0,4),('2018-08-03',58,3,6,0,4),('2018-08-03',59,3,6,0,4),('2018-08-03',60,3,6,0,4),('2018-08-03',61,3,6,0,4),('2018-08-03',62,3,6,0,4),('2018-08-03',63,3,6,0,4),('2018-08-03',64,3,6,0,4),('2018-08-03',65,3,6,0,4),('2018-08-03',66,3,6,0,4),('2018-08-03',67,3,6,0,4),('2018-08-03',68,3,6,0,4),('2018-08-03',69,3,6,0,4),('2018-08-03',70,3,6,0,4),('2018-08-03',71,3,6,0,4),('2018-08-03',72,3,6,0,4),('2018-08-03',73,3,6,0,4),('2018-08-03',74,3,6,0,4),('2018-08-03',75,3,6,0,4),('2018-08-03',76,3,6,0,4),('2018-08-03',77,3,6,0,4),('2018-08-03',78,3,6,0,4),('2018-08-03',79,3,6,0,4),('2018-08-03',80,3,6,0,4),('2018-08-03',113,8,9,0,4),('2018-08-03',114,8,9,0,4),('2018-08-03',115,8,9,0,4),('2018-08-03',116,8,9,0,4),('2018-08-03',117,8,9,0,4),('2018-08-03',118,8,9,0,4),('2018-08-03',119,8,9,0,4),('2018-08-03',120,8,9,0,4),('2018-08-03',121,8,9,0,4),('2018-08-03',122,8,9,0,4),('2018-08-03',123,8,9,0,4),('2018-08-03',124,8,9,0,4),('2018-08-03',125,8,9,0,4),('2018-08-03',126,8,9,0,4),('2018-08-03',127,8,9,0,4),('2018-08-03',128,8,9,0,4),('2018-08-04',57,3,6,0,4),('2018-08-04',58,3,6,0,4),('2018-08-04',59,3,6,0,4),('2018-08-04',60,3,6,0,4),('2018-08-04',61,3,6,0,4),('2018-08-04',62,3,6,0,4),('2018-08-04',63,3,6,0,4),('2018-08-04',64,3,6,0,4),('2018-08-04',65,3,6,0,4),('2018-08-04',66,3,6,0,4),('2018-08-04',67,3,6,0,4),('2018-08-04',68,3,6,0,4),('2018-08-04',69,3,6,0,4),('2018-08-04',70,3,6,0,4),('2018-08-04',71,3,6,0,4),('2018-08-04',72,3,6,0,4),('2018-08-04',73,3,6,0,4),('2018-08-04',74,3,6,0,4),('2018-08-04',75,3,6,0,4),('2018-08-04',76,3,6,0,4),('2018-08-04',77,3,6,0,4),('2018-08-04',78,3,6,0,4),('2018-08-04',79,3,6,0,4),('2018-08-04',80,3,6,0,4),('2018-08-04',113,8,9,0,4),('2018-08-04',114,8,9,0,4),('2018-08-04',115,8,9,0,4),('2018-08-04',116,8,9,0,4),('2018-08-04',117,8,9,0,4),('2018-08-04',118,8,9,0,4),('2018-08-04',119,8,9,0,4),('2018-08-04',120,8,9,0,4),('2018-08-04',121,8,9,0,4),('2018-08-04',122,8,9,0,4),('2018-08-04',123,8,9,0,4),('2018-08-04',124,8,9,0,4),('2018-08-04',125,8,9,0,4),('2018-08-04',126,8,9,0,4),('2018-08-04',127,8,9,0,4),('2018-08-04',128,8,9,0,4),('2018-08-04',297,1,1,0,6),('2018-08-04',298,1,1,0,6),('2018-08-04',299,1,1,0,6),('2018-08-04',300,1,1,0,6),('2018-08-04',301,1,1,0,6),('2018-08-04',302,1,1,0,6),('2018-08-04',303,1,1,0,6),('2018-08-04',304,1,1,0,6),('2018-08-04',305,1,1,0,6),('2018-08-04',306,1,1,0,6),('2018-08-04',307,1,1,0,6),('2018-08-04',308,1,1,0,6),('2018-08-04',309,1,1,0,6),('2018-08-04',310,1,1,0,6),('2018-08-04',311,1,1,0,6),('2018-08-04',312,1,1,0,6),('2018-08-04',313,1,1,0,6),('2018-08-04',314,1,1,0,6),('2018-08-04',315,1,1,0,6),('2018-08-04',316,1,1,0,6),('2018-08-04',317,1,1,0,6),('2018-08-04',318,1,1,0,6),('2018-08-04',319,1,1,0,6),('2018-08-04',320,1,1,0,6),('2018-08-04',321,1,2,0,4),('2018-08-04',322,1,2,0,4),('2018-08-04',323,1,2,0,4),('2018-08-04',324,1,2,0,4),('2018-08-04',325,1,2,0,4),('2018-08-04',326,1,2,0,4),('2018-08-04',327,1,2,0,4),('2018-08-04',328,1,2,0,4),('2018-08-04',329,1,2,0,4),('2018-08-04',330,1,2,0,4),('2018-08-04',331,1,2,0,4),('2018-08-04',332,1,2,0,4),('2018-08-04',333,1,2,0,4),('2018-08-04',334,1,2,0,4),('2018-08-04',335,1,2,0,4),('2018-08-04',336,1,2,0,4),('2018-08-04',337,1,2,0,4),('2018-08-04',338,1,2,0,4),('2018-08-04',339,1,2,0,4),('2018-08-04',340,1,2,0,4),('2018-08-04',341,1,2,0,4),('2018-08-04',342,1,2,0,4),('2018-08-04',343,1,2,0,4),('2018-08-04',344,1,2,0,4),('2018-08-05',57,3,6,0,4),('2018-08-05',58,3,6,0,4),('2018-08-05',59,3,6,0,4),('2018-08-05',60,3,6,0,4),('2018-08-05',61,3,6,0,4),('2018-08-05',62,3,6,0,4),('2018-08-05',63,3,6,0,4),('2018-08-05',64,3,6,0,4),('2018-08-05',65,3,6,0,4),('2018-08-05',66,3,6,0,4),('2018-08-05',67,3,6,0,4),('2018-08-05',68,3,6,0,4),('2018-08-05',69,3,6,0,4),('2018-08-05',70,3,6,0,4),('2018-08-05',71,3,6,0,4),('2018-08-05',72,3,6,0,4),('2018-08-05',73,3,6,0,4),('2018-08-05',74,3,6,0,4),('2018-08-05',75,3,6,0,4),('2018-08-05',76,3,6,0,4),('2018-08-05',77,3,6,0,4),('2018-08-05',78,3,6,0,4),('2018-08-05',79,3,6,0,4),('2018-08-05',80,3,6,0,4),('2018-08-05',113,8,9,0,4),('2018-08-05',114,8,9,0,4),('2018-08-05',115,8,9,0,4),('2018-08-05',116,8,9,0,4),('2018-08-05',117,8,9,0,4),('2018-08-05',118,8,9,0,4),('2018-08-05',119,8,9,0,4),('2018-08-05',120,8,9,0,4),('2018-08-05',121,8,9,0,4),('2018-08-05',122,8,9,0,4),('2018-08-05',123,8,9,0,4),('2018-08-05',124,8,9,0,4),('2018-08-05',125,8,9,0,4),('2018-08-05',126,8,9,0,4),('2018-08-05',127,8,9,0,4),('2018-08-05',128,8,9,0,4),('2018-08-05',297,1,1,0,6),('2018-08-05',298,1,1,0,6),('2018-08-05',299,1,1,0,6),('2018-08-05',300,1,1,0,6),('2018-08-05',301,1,1,4,6),('2018-08-05',302,1,1,4,6),('2018-08-05',303,1,1,0,6),('2018-08-05',304,1,1,0,6),('2018-08-05',305,1,1,0,6),('2018-08-05',306,1,1,0,6),('2018-08-05',307,1,1,0,6),('2018-08-05',308,1,1,0,6),('2018-08-05',309,1,1,0,6),('2018-08-05',310,1,1,0,6),('2018-08-05',311,1,1,4,6),('2018-08-05',312,1,1,0,6),('2018-08-05',313,1,1,0,6),('2018-08-05',314,1,1,0,6),('2018-08-05',315,1,1,0,6),('2018-08-05',316,1,1,0,6),('2018-08-05',317,1,1,0,6),('2018-08-05',318,1,1,0,6),('2018-08-05',319,1,1,0,6),('2018-08-05',320,1,1,0,6),('2018-08-05',321,1,2,0,4),('2018-08-05',322,1,2,0,4),('2018-08-05',323,1,2,0,4),('2018-08-05',324,1,2,0,4),('2018-08-05',325,1,2,0,4),('2018-08-05',326,1,2,0,4),('2018-08-05',327,1,2,0,4),('2018-08-05',328,1,2,0,4),('2018-08-05',329,1,2,0,4),('2018-08-05',330,1,2,0,4),('2018-08-05',331,1,2,0,4),('2018-08-05',332,1,2,0,4),('2018-08-05',333,1,2,0,4),('2018-08-05',334,1,2,0,4),('2018-08-05',335,1,2,0,4),('2018-08-05',336,1,2,0,4),('2018-08-05',337,1,2,0,4),('2018-08-05',338,1,2,0,4),('2018-08-05',339,1,2,0,4),('2018-08-05',340,1,2,0,4),('2018-08-05',341,1,2,0,4),('2018-08-05',342,1,2,0,4),('2018-08-05',343,1,2,0,4),('2018-08-05',344,1,2,0,4),('2018-08-06',57,3,6,0,4),('2018-08-06',58,3,6,0,4),('2018-08-06',59,3,6,0,4),('2018-08-06',60,3,6,0,4),('2018-08-06',61,3,6,0,4),('2018-08-06',62,3,6,0,4),('2018-08-06',63,3,6,0,4),('2018-08-06',64,3,6,0,4),('2018-08-06',65,3,6,0,4),('2018-08-06',66,3,6,0,4),('2018-08-06',67,3,6,0,4),('2018-08-06',68,3,6,0,4),('2018-08-06',69,3,6,0,4),('2018-08-06',70,3,6,0,4),('2018-08-06',71,3,6,0,4),('2018-08-06',72,3,6,0,4),('2018-08-06',73,3,6,0,4),('2018-08-06',74,3,6,0,4),('2018-08-06',75,3,6,0,4),('2018-08-06',76,3,6,0,4),('2018-08-06',77,3,6,0,4),('2018-08-06',78,3,6,0,4),('2018-08-06',79,3,6,0,4),('2018-08-06',80,3,6,0,4),('2018-08-06',113,8,9,0,4),('2018-08-06',114,8,9,0,4),('2018-08-06',115,8,9,0,4),('2018-08-06',116,8,9,0,4),('2018-08-06',117,8,9,0,4),('2018-08-06',118,8,9,0,4),('2018-08-06',119,8,9,0,4),('2018-08-06',120,8,9,0,4),('2018-08-06',121,8,9,0,4),('2018-08-06',122,8,9,0,4),('2018-08-06',123,8,9,0,4),('2018-08-06',124,8,9,0,4),('2018-08-06',125,8,9,0,4),('2018-08-06',126,8,9,0,4),('2018-08-06',127,8,9,0,4),('2018-08-06',128,8,9,0,4),('2018-08-06',297,1,1,0,6),('2018-08-06',298,1,1,0,6),('2018-08-06',299,1,1,2,6),('2018-08-06',300,1,1,2,6),('2018-08-06',301,1,1,0,6),('2018-08-06',302,1,1,0,6),('2018-08-06',303,1,1,2,6),('2018-08-06',304,1,1,0,6),('2018-08-06',305,1,1,0,6),('2018-08-06',306,1,1,0,6),('2018-08-06',307,1,1,0,6),('2018-08-06',308,1,1,0,6),('2018-08-06',309,1,1,0,6),('2018-08-06',310,1,1,0,6),('2018-08-06',311,1,1,4,6),('2018-08-06',312,1,1,0,6),('2018-08-06',313,1,1,0,6),('2018-08-06',314,1,1,0,6),('2018-08-06',315,1,1,0,6),('2018-08-06',316,1,1,0,6),('2018-08-06',317,1,1,0,6),('2018-08-06',318,1,1,0,6),('2018-08-06',319,1,1,0,6),('2018-08-06',320,1,1,0,6),('2018-08-06',321,1,2,0,4),('2018-08-06',322,1,2,0,4),('2018-08-06',323,1,2,0,4),('2018-08-06',324,1,2,0,4),('2018-08-06',325,1,2,0,4),('2018-08-06',326,1,2,0,4),('2018-08-06',327,1,2,0,4),('2018-08-06',328,1,2,0,4),('2018-08-06',329,1,2,0,4),('2018-08-06',330,1,2,0,4),('2018-08-06',331,1,2,0,4),('2018-08-06',332,1,2,0,4),('2018-08-06',333,1,2,0,4),('2018-08-06',334,1,2,0,4),('2018-08-06',335,1,2,0,4),('2018-08-06',336,1,2,0,4),('2018-08-06',337,1,2,0,4),('2018-08-06',338,1,2,0,4),('2018-08-06',339,1,2,0,4),('2018-08-06',340,1,2,0,4),('2018-08-06',341,1,2,0,4),('2018-08-06',342,1,2,0,4),('2018-08-06',343,1,2,0,4),('2018-08-06',344,1,2,0,4);
/*!40000 ALTER TABLE `available_sessions` ENABLE KEYS */;
UNLOCK TABLES;
/*!50003 SET @saved_cs_client      = @@character_set_client */ ;
/*!50003 SET @saved_cs_results     = @@character_set_results */ ;
/*!50003 SET @saved_col_connection = @@collation_connection */ ;
/*!50003 SET character_set_client  = utf8 */ ;
/*!50003 SET character_set_results = utf8 */ ;
/*!50003 SET collation_connection  = utf8_general_ci */ ;
/*!50003 SET @saved_sql_mode       = @@sql_mode */ ;
/*!50003 SET sql_mode              = 'STRICT_TRANS_TABLES,NO_AUTO_CREATE_USER,NO_ENGINE_SUBSTITUTION' */ ;
DELIMITER ;;
/*!50003 CREATE*/ /*!50017 DEFINER=`root`@`localhost`*/ /*!50003 TRIGGER `kidzania_v3`.`check_reservation_BEFORE_INSERT` BEFORE INSERT ON `available_sessions` FOR EACH ROW
BEGIN
	DECLARE reservation_date DATE;
    SELECT session_date INTO reservation_date FROM reservations r
	INNER JOIN sessions ss ON ss.session_start >= r.reservedFrom 
	AND ss.session_end <= r.reservedTo
	AND session_id = NEW.session_id
	WHERE session_date = NEW.session_date;
    
    IF reservation_date IS NOT NULL THEN
		SET NEW.noBooked = NEW.capacity;
	END IF;
END */;;
DELIMITER ;
/*!50003 SET sql_mode              = @saved_sql_mode */ ;
/*!50003 SET character_set_client  = @saved_cs_client */ ;
/*!50003 SET character_set_results = @saved_cs_results */ ;
/*!50003 SET collation_connection  = @saved_col_connection */ ;

--
-- Table structure for table `booking_details`
--

DROP TABLE IF EXISTS `booking_details`;
/*!40101 SET @saved_cs_client     = @@character_set_client */;
/*!40101 SET character_set_client = utf8 */;
CREATE TABLE `booking_details` (
  `booking_id` int(11) NOT NULL AUTO_INCREMENT,
  `session_id` int(11) NOT NULL,
  `session_date` date NOT NULL,
  `station_id` int(11) NOT NULL,
  `role_id` int(11) NOT NULL,
  `rfid` varchar(45) NOT NULL,
  `queue_no` varchar(5) NOT NULL,
  `booking_status` varchar(45) NOT NULL,
  PRIMARY KEY (`booking_id`),
  UNIQUE KEY `booking` (`session_id`,`session_date`,`rfid`,`booking_status`),
  KEY `available_sessions_fk_idx` (`session_date`,`session_id`),
  CONSTRAINT `available_sessions_fk` FOREIGN KEY (`session_date`, `session_id`) REFERENCES `available_sessions` (`session_date`, `session_id`) ON DELETE CASCADE ON UPDATE CASCADE
) ENGINE=InnoDB AUTO_INCREMENT=108 DEFAULT CHARSET=utf8;
/*!40101 SET character_set_client = @saved_cs_client */;

--
-- Dumping data for table `booking_details`
--

LOCK TABLES `booking_details` WRITE;
/*!40000 ALTER TABLE `booking_details` DISABLE KEYS */;
INSERT INTO `booking_details` VALUES (47,1,'2018-07-20',1,1,'e0001','A0001','Confirmed'),(48,1,'2018-07-20',1,1,'e0002','A0002','Confirmed'),(49,1,'2018-07-20',1,1,'e0003','A0003','Confirmed'),(50,1,'2018-07-20',1,1,'e0004','A0004','Confirmed'),(51,57,'2018-07-20',3,6,'e0001','A0001','Confirmed'),(52,57,'2018-07-20',3,6,'e0002','A0002','Confirmed'),(53,57,'2018-07-20',3,6,'e0003','A0003','Confirmed'),(55,8,'2018-07-20',1,1,'test','A0005','Confirmed'),(61,10,'2018-07-31',1,1,'e0001','A0001','Confirmed'),(62,10,'2018-07-31',1,1,'e0002','A0002','Confirmed'),(63,10,'2018-07-31',1,1,'e0003','A0003','Confirmed'),(64,10,'2018-07-31',1,1,'e0004','A0004','Confirmed'),(65,11,'2018-07-31',1,1,'e0001','A0001','Confirmed'),(66,11,'2018-07-31',1,1,'e0002','A0002','Confirmed'),(67,11,'2018-07-31',1,1,'e0003','A0003','Confirmed'),(68,11,'2018-07-31',1,1,'e0004','A0004','Confirmed'),(69,113,'2018-07-30',8,9,'e0001','A0001','Confirmed'),(70,113,'2018-07-30',8,9,'e0002','A0002','Confirmed'),(71,113,'2018-07-30',8,9,'e0003','A0003','Confirmed'),(72,113,'2018-07-30',8,9,'e0004','A0004','Confirmed'),(73,57,'2018-07-26',3,6,'e0001','A0001','Confirmed'),(74,57,'2018-07-26',3,6,'e0002','A0002','Confirmed'),(75,57,'2018-07-26',3,6,'e0003','A0003','Confirmed'),(76,57,'2018-07-26',3,6,'e0004','A0004','Confirmed'),(77,11,'2018-08-01',1,1,'e0001','A0001','Confirmed'),(78,11,'2018-08-01',1,1,'e0002','A0002','Confirmed'),(79,11,'2018-08-01',1,1,'e0003','A0003','Confirmed'),(80,11,'2018-08-01',1,1,'e0004','A0004','Confirmed'),(81,11,'2018-08-02',1,1,'e0001','A0001','Admitted'),(82,11,'2018-08-02',1,1,'e0002','A0002','Confirmed'),(83,11,'2018-08-02',1,1,'e0003','A0003','Confirmed'),(84,11,'2018-08-02',1,1,'e0004','A0004','Confirmed'),(85,11,'2018-08-03',1,1,'e0001','A0001','Admitted'),(86,11,'2018-08-03',1,1,'e0002','A0002','Confirmed'),(87,11,'2018-08-03',1,1,'e0003','A0003','Confirmed'),(88,11,'2018-08-03',1,1,'e0004','A0004','Confirmed'),(89,301,'2018-08-05',1,1,'e0001','A0001','Confirmed'),(90,301,'2018-08-05',1,1,'e0002','A0002','Confirmed'),(91,301,'2018-08-05',1,1,'e0003','A0003','Confirmed'),(92,301,'2018-08-05',1,1,'e0004','A0004','Confirmed'),(93,302,'2018-08-05',1,1,'e0005','A0001','Confirmed'),(94,302,'2018-08-05',1,1,'e0007','A0002','Confirmed'),(95,302,'2018-08-05',1,1,'e0006','A0003','Confirmed'),(96,302,'2018-08-05',1,1,'e0008','A0004','Confirmed'),(97,311,'2018-08-05',1,1,'e0005','A0001','Confirmed'),(98,311,'2018-08-05',1,1,'e0007','A0002','Confirmed'),(99,311,'2018-08-05',1,1,'e0006','A0003','Confirmed'),(100,311,'2018-08-05',1,1,'e0008','A0004','Confirmed'),(101,311,'2018-08-06',1,1,'e0005','A0001','Admitted'),(102,311,'2018-08-06',1,1,'e0007','A0002','Not Admitted'),(103,311,'2018-08-06',1,1,'e0006','A0003','Not Admitted'),(104,311,'2018-08-06',1,1,'e0008','A0004','Admitted'),(105,303,'2018-08-06',1,1,'asd','A0053','Confirmed'),(106,299,'2018-08-06',1,1,'top','A0006','Confirmed'),(107,300,'2018-08-06',1,1,'yup','A0007','Confirmed');
/*!40000 ALTER TABLE `booking_details` ENABLE KEYS */;
UNLOCK TABLES;
/*!50003 SET @saved_cs_client      = @@character_set_client */ ;
/*!50003 SET @saved_cs_results     = @@character_set_results */ ;
/*!50003 SET @saved_col_connection = @@collation_connection */ ;
/*!50003 SET character_set_client  = utf8 */ ;
/*!50003 SET character_set_results = utf8 */ ;
/*!50003 SET collation_connection  = utf8_general_ci */ ;
/*!50003 SET @saved_sql_mode       = @@sql_mode */ ;
/*!50003 SET sql_mode              = 'STRICT_TRANS_TABLES,NO_AUTO_CREATE_USER,NO_ENGINE_SUBSTITUTION' */ ;
DELIMITER ;;
/*!50003 CREATE*/ /*!50017 DEFINER=`root`@`localhost`*/ /*!50003 TRIGGER `kidzania_v3`.`check_booking_limit_BEFORE_INSERT` 
BEFORE INSERT ON `booking_details` FOR EACH ROW
BEGIN
	DECLARE user_booking_count, booking_limit, numBooked, cap INT;
	SELECT noBooked, capacity INTO numBooked, cap FROM available_sessions
	WHERE session_id = NEW.session_id AND session_date = NEW.session_date;
	
	IF numBooked < cap THEN
		SELECT b.booking_limit INTO booking_limit FROM booking_limit b
		WHERE b.role_id = NEW.role_id AND b.session_date = NEW.session_date;
		IF booking_limit is not null THEN
			SELECT COUNT(*) INTO user_booking_count FROM booking_details 
			WHERE session_date = NEW.session_date AND booking_status='Confirmed'
			AND rfid = NEW.rfid AND role_id = NEW.role_id;
			
			IF user_booking_count IS NOT NULL AND user_booking_count > booking_limit THEN
				# PREVENT BOOKING IF USER BOOKING IS PAST LIMIT
				SIGNAL SQLSTATE '45000'
				SET MESSAGE_TEXT = 'User Has Reached Booking Limit For Station';
			END IF;
		END IF;
	ELSE
		SIGNAL SQLSTATE '45000'
		SET MESSAGE_TEXT = 'Max Capacity Reached';
	END IF;
END */;;
DELIMITER ;
/*!50003 SET sql_mode              = @saved_sql_mode */ ;
/*!50003 SET character_set_client  = @saved_cs_client */ ;
/*!50003 SET character_set_results = @saved_cs_results */ ;
/*!50003 SET collation_connection  = @saved_col_connection */ ;
/*!50003 SET @saved_cs_client      = @@character_set_client */ ;
/*!50003 SET @saved_cs_results     = @@character_set_results */ ;
/*!50003 SET @saved_col_connection = @@collation_connection */ ;
/*!50003 SET character_set_client  = utf8 */ ;
/*!50003 SET character_set_results = utf8 */ ;
/*!50003 SET collation_connection  = utf8_general_ci */ ;
/*!50003 SET @saved_sql_mode       = @@sql_mode */ ;
/*!50003 SET sql_mode              = 'STRICT_TRANS_TABLES,NO_AUTO_CREATE_USER,NO_ENGINE_SUBSTITUTION' */ ;
DELIMITER ;;
/*!50003 CREATE*/ /*!50017 DEFINER=`root`@`localhost`*/ /*!50003 TRIGGER `kidzania_v3`.`booking_details_AFTER_INSERT` 
AFTER INSERT ON `booking_details` FOR EACH ROW
BEGIN
	UPDATE available_sessions SET noBooked = noBooked + 1
    WHERE session_id = NEW.session_id AND session_date = NEW.session_date;
END */;;
DELIMITER ;
/*!50003 SET sql_mode              = @saved_sql_mode */ ;
/*!50003 SET character_set_client  = @saved_cs_client */ ;
/*!50003 SET character_set_results = @saved_cs_results */ ;
/*!50003 SET collation_connection  = @saved_col_connection */ ;
/*!50003 SET @saved_cs_client      = @@character_set_client */ ;
/*!50003 SET @saved_cs_results     = @@character_set_results */ ;
/*!50003 SET @saved_col_connection = @@collation_connection */ ;
/*!50003 SET character_set_client  = utf8 */ ;
/*!50003 SET character_set_results = utf8 */ ;
/*!50003 SET collation_connection  = utf8_general_ci */ ;
/*!50003 SET @saved_sql_mode       = @@sql_mode */ ;
/*!50003 SET sql_mode              = 'STRICT_TRANS_TABLES,NO_AUTO_CREATE_USER,NO_ENGINE_SUBSTITUTION' */ ;
DELIMITER ;;
/*!50003 CREATE*/ /*!50017 DEFINER=`root`@`localhost`*/ /*!50003 TRIGGER `kidzania_v3`.`booking_details_AFTER_UPDATE` AFTER UPDATE ON `booking_details` FOR EACH ROW
BEGIN
	IF NEW.booking_status = 'Cancelled' THEN
		UPDATE available_sessions SET noBooked = noBooked - 1
		WHERE session_id = NEW.session_id AND session_date = current_date();
	END IF;
END */;;
DELIMITER ;
/*!50003 SET sql_mode              = @saved_sql_mode */ ;
/*!50003 SET character_set_client  = @saved_cs_client */ ;
/*!50003 SET character_set_results = @saved_cs_results */ ;
/*!50003 SET collation_connection  = @saved_col_connection */ ;

--
-- Table structure for table `booking_limit`
--

DROP TABLE IF EXISTS `booking_limit`;
/*!40101 SET @saved_cs_client     = @@character_set_client */;
/*!40101 SET character_set_client = utf8 */;
CREATE TABLE `booking_limit` (
  `limit_id` int(11) NOT NULL AUTO_INCREMENT,
  `session_date` date NOT NULL,
  `station_id` int(11) NOT NULL,
  `role_id` int(11) NOT NULL,
  `booking_limit` int(11) NOT NULL,
  PRIMARY KEY (`limit_id`),
  UNIQUE KEY `station_role` (`session_date`,`station_id`,`role_id`),
  KEY `sessions_idx` (`station_id`,`role_id`),
  CONSTRAINT `session_date` FOREIGN KEY (`station_id`, `role_id`) REFERENCES `sessions` (`station_id`, `role_id`) ON DELETE CASCADE ON UPDATE CASCADE
) ENGINE=InnoDB AUTO_INCREMENT=14 DEFAULT CHARSET=utf8;
/*!40101 SET character_set_client = @saved_cs_client */;

--
-- Dumping data for table `booking_limit`
--

LOCK TABLES `booking_limit` WRITE;
/*!40000 ALTER TABLE `booking_limit` DISABLE KEYS */;
INSERT INTO `booking_limit` VALUES (12,'2018-08-08',1,1,8);
/*!40000 ALTER TABLE `booking_limit` ENABLE KEYS */;
UNLOCK TABLES;

--
-- Table structure for table `reservations`
--

DROP TABLE IF EXISTS `reservations`;
/*!40101 SET @saved_cs_client     = @@character_set_client */;
/*!40101 SET character_set_client = utf8 */;
CREATE TABLE `reservations` (
  `reservation_id` int(11) NOT NULL AUTO_INCREMENT,
  `session_date` date NOT NULL,
  `station_id` int(11) NOT NULL,
  `role_id` int(11) NOT NULL,
  `reservedFrom` time NOT NULL,
  `reservedTo` time NOT NULL,
  `noOfReservedSlots` int(11) DEFAULT NULL,
  `remarks` varchar(100) NOT NULL,
  PRIMARY KEY (`reservation_id`),
  UNIQUE KEY `reservation_index` (`session_date`,`station_id`,`role_id`,`reservedFrom`,`reservedTo`),
  KEY `station_roles_fk_idx` (`station_id`,`role_id`),
  CONSTRAINT `station_roles_fk` FOREIGN KEY (`station_id`, `role_id`) REFERENCES `station_roles` (`station_id`, `role_id`) ON DELETE CASCADE ON UPDATE CASCADE
) ENGINE=InnoDB AUTO_INCREMENT=25 DEFAULT CHARSET=latin1;
/*!40101 SET character_set_client = @saved_cs_client */;

--
-- Dumping data for table `reservations`
--

LOCK TABLES `reservations` WRITE;
/*!40000 ALTER TABLE `reservations` DISABLE KEYS */;
INSERT INTO `reservations` VALUES (8,'2018-08-02',1,2,'11:00:00','15:00:00',NULL,'Birthday Party!'),(20,'2018-08-02',1,2,'15:00:00','17:00:00',NULL,'Birthday Party'),(23,'2018-08-06',1,2,'11:00:00','15:00:00',NULL,'Birthday Party: John'),(24,'2018-08-06',1,2,'10:00:00','10:20:00',NULL,'asd');
/*!40000 ALTER TABLE `reservations` ENABLE KEYS */;
UNLOCK TABLES;
/*!50003 SET @saved_cs_client      = @@character_set_client */ ;
/*!50003 SET @saved_cs_results     = @@character_set_results */ ;
/*!50003 SET @saved_col_connection = @@collation_connection */ ;
/*!50003 SET character_set_client  = utf8 */ ;
/*!50003 SET character_set_results = utf8 */ ;
/*!50003 SET collation_connection  = utf8_general_ci */ ;
/*!50003 SET @saved_sql_mode       = @@sql_mode */ ;
/*!50003 SET sql_mode              = 'STRICT_TRANS_TABLES,NO_AUTO_CREATE_USER,NO_ENGINE_SUBSTITUTION' */ ;
DELIMITER ;;
/*!50003 CREATE*/ /*!50017 DEFINER=`root`@`localhost`*/ /*!50003 TRIGGER `kidzania_v3`.`reservations_BEFORE_INSERT` BEFORE INSERT ON `reservations` FOR EACH ROW
BEGIN
	DECLARE reservation INT;
    #SELECT reservation_id INTO reservation FROM reservations
    #WHERE session_date = NEW.session_date 
    #AND ((NEW.reservedFrom >= reservedFrom 
    #AND NEW.reservedTo <= reservedTo) 
    #OR (NEW.reservedFrom < reservedFrom AND NEW.reservedTo > reservedTo));
    
    SELECT reservation_id INTO reservation FROM reservations
	WHERE session_date = current_date() AND role_id = NEW.role_id 
	AND ((NEW.reservedFrom > reservedFrom AND NEW.reservedFrom < reservedTo)
    OR (NEW.reservedTo >= reservedFrom AND NEW.reservedTo <= reservedTo)
	OR (NEW.reservedFrom <= reservedFrom AND NEW.reservedTo >= reservedTo))
    LIMIT 1;
    
    IF reservation IS NOT NULL THEN
		SIGNAL SQLSTATE '45000'
		SET MESSAGE_TEXT = 'reservation exists';
	END IF;
END */;;
DELIMITER ;
/*!50003 SET sql_mode              = @saved_sql_mode */ ;
/*!50003 SET character_set_client  = @saved_cs_client */ ;
/*!50003 SET character_set_results = @saved_cs_results */ ;
/*!50003 SET collation_connection  = @saved_col_connection */ ;

--
-- Table structure for table `sessions`
--

DROP TABLE IF EXISTS `sessions`;
/*!40101 SET @saved_cs_client     = @@character_set_client */;
/*!40101 SET character_set_client = utf8 */;
CREATE TABLE `sessions` (
  `session_id` int(11) NOT NULL AUTO_INCREMENT,
  `station_id` int(11) NOT NULL,
  `role_id` int(11) NOT NULL,
  `session_start` time NOT NULL,
  `session_end` time NOT NULL,
  `capacity` int(11) DEFAULT NULL,
  PRIMARY KEY (`session_id`),
  UNIQUE KEY `session` (`station_id`,`role_id`,`session_start`),
  KEY `station_role_idx` (`station_id`,`role_id`),
  CONSTRAINT `station_role` FOREIGN KEY (`station_id`, `role_id`) REFERENCES `station_roles` (`station_id`, `role_id`) ON DELETE CASCADE ON UPDATE CASCADE
) ENGINE=InnoDB AUTO_INCREMENT=589 DEFAULT CHARSET=utf8;
/*!40101 SET character_set_client = @saved_cs_client */;

--
-- Dumping data for table `sessions`
--

LOCK TABLES `sessions` WRITE;
/*!40000 ALTER TABLE `sessions` DISABLE KEYS */;
INSERT INTO `sessions` VALUES (297,1,1,'10:00:00','10:20:00',6),(298,1,1,'10:20:00','10:40:00',6),(299,1,1,'10:40:00','11:00:00',6),(300,1,1,'11:00:00','11:20:00',6),(301,1,1,'11:20:00','11:40:00',6),(302,1,1,'11:40:00','12:00:00',6),(303,1,1,'12:00:00','12:20:00',6),(304,1,1,'12:20:00','12:40:00',6),(305,1,1,'12:40:00','13:00:00',6),(306,1,1,'13:00:00','13:20:00',6),(307,1,1,'13:20:00','13:40:00',6),(308,1,1,'13:40:00','14:00:00',6),(309,1,1,'14:00:00','14:20:00',6),(310,1,1,'14:20:00','14:40:00',6),(311,1,1,'14:40:00','15:00:00',6),(312,1,1,'15:00:00','15:20:00',6),(313,1,1,'15:20:00','15:40:00',6),(314,1,1,'15:40:00','16:00:00',6),(315,1,1,'16:00:00','16:20:00',6),(316,1,1,'16:20:00','16:40:00',6),(317,1,1,'16:40:00','17:00:00',6),(318,1,1,'17:00:00','17:20:00',6),(319,1,1,'17:20:00','17:40:00',6),(320,1,1,'17:40:00','18:00:00',6),(321,1,2,'10:00:00','10:20:00',4),(322,1,2,'10:20:00','10:40:00',4),(323,1,2,'10:40:00','11:00:00',4),(324,1,2,'11:00:00','11:20:00',4),(325,1,2,'11:20:00','11:40:00',4),(326,1,2,'11:40:00','12:00:00',4),(327,1,2,'12:00:00','12:20:00',4),(328,1,2,'12:20:00','12:40:00',4),(329,1,2,'12:40:00','13:00:00',4),(330,1,2,'13:00:00','13:20:00',4),(331,1,2,'13:20:00','13:40:00',4),(332,1,2,'13:40:00','14:00:00',4),(333,1,2,'14:00:00','14:20:00',4),(334,1,2,'14:20:00','14:40:00',4),(335,1,2,'14:40:00','15:00:00',4),(336,1,2,'15:00:00','15:20:00',4),(337,1,2,'15:20:00','15:40:00',4),(338,1,2,'15:40:00','16:00:00',4),(339,1,2,'16:00:00','16:20:00',4),(340,1,2,'16:20:00','16:40:00',4),(341,1,2,'16:40:00','17:00:00',4),(342,1,2,'17:00:00','17:20:00',4),(343,1,2,'17:20:00','17:40:00',4),(344,1,2,'17:40:00','18:00:00',4);
/*!40000 ALTER TABLE `sessions` ENABLE KEYS */;
UNLOCK TABLES;

--
-- Table structure for table `station_roles`
--

DROP TABLE IF EXISTS `station_roles`;
/*!40101 SET @saved_cs_client     = @@character_set_client */;
/*!40101 SET character_set_client = utf8 */;
CREATE TABLE `station_roles` (
  `role_id` int(11) NOT NULL AUTO_INCREMENT,
  `station_id` int(11) NOT NULL,
  `role_name` varchar(45) NOT NULL,
  `capacity` int(11) NOT NULL,
  `imagepath` varchar(150) NOT NULL,
  PRIMARY KEY (`role_id`,`station_id`),
  UNIQUE KEY `role_name` (`role_name`),
  KEY `station_id_idx` (`station_id`),
  CONSTRAINT `station_id` FOREIGN KEY (`station_id`) REFERENCES `stations` (`station_id`) ON DELETE CASCADE ON UPDATE CASCADE
) ENGINE=InnoDB AUTO_INCREMENT=38 DEFAULT CHARSET=utf8;
/*!40101 SET character_set_client = @saved_cs_client */;

--
-- Dumping data for table `station_roles`
--

LOCK TABLES `station_roles` WRITE;
/*!40000 ALTER TABLE `station_roles` DISABLE KEYS */;
INSERT INTO `station_roles` VALUES (1,1,'Pilot',6,'Role-Pilot.png'),(2,1,'Cabin Crew',4,'Role-Cabin Crew.png');
/*!40000 ALTER TABLE `station_roles` ENABLE KEYS */;
UNLOCK TABLES;

--
-- Table structure for table `stations`
--

DROP TABLE IF EXISTS `stations`;
/*!40101 SET @saved_cs_client     = @@character_set_client */;
/*!40101 SET character_set_client = utf8 */;
CREATE TABLE `stations` (
  `station_id` int(11) NOT NULL AUTO_INCREMENT,
  `station_name` varchar(45) NOT NULL,
  `description` varchar(500) NOT NULL,
  `station_start` time NOT NULL,
  `station_end` time NOT NULL,
  `durationInMins` int(11) NOT NULL DEFAULT '30',
  `imagepath` varchar(150) NOT NULL,
  `is_active` tinyint(4) NOT NULL,
  PRIMARY KEY (`station_id`),
  UNIQUE KEY `station_name` (`station_name`)
) ENGINE=InnoDB AUTO_INCREMENT=19 DEFAULT CHARSET=utf8;
/*!40101 SET character_set_client = @saved_cs_client */;

--
-- Dumping data for table `stations`
--

LOCK TABLES `stations` WRITE;
/*!40000 ALTER TABLE `stations` DISABLE KEYS */;
INSERT INTO `stations` VALUES (1,'Aviation Academy','Get a rare opportunity to be inside a cockpit and have a taste of what it feels like to operate an aircraft! Work in the sky as you flash your brightest smile and serve the passengers on board the flight as an esteemed Cabin Crew!','10:00:00','18:00:00',20,'Aviation Academy.jpg',1);
/*!40000 ALTER TABLE `stations` ENABLE KEYS */;
UNLOCK TABLES;
/*!50003 SET @saved_cs_client      = @@character_set_client */ ;
/*!50003 SET @saved_cs_results     = @@character_set_results */ ;
/*!50003 SET @saved_col_connection = @@collation_connection */ ;
/*!50003 SET character_set_client  = utf8 */ ;
/*!50003 SET character_set_results = utf8 */ ;
/*!50003 SET collation_connection  = utf8_general_ci */ ;
/*!50003 SET @saved_sql_mode       = @@sql_mode */ ;
/*!50003 SET sql_mode              = 'STRICT_TRANS_TABLES,NO_AUTO_CREATE_USER,NO_ENGINE_SUBSTITUTION' */ ;
DELIMITER ;;
/*!50003 CREATE*/ /*!50017 DEFINER=`root`@`localhost`*/ /*!50003 TRIGGER `kidzania_v3`.`add_account_type_AFTER_INSERT` AFTER INSERT ON `stations` FOR EACH ROW
BEGIN
	INSERT INTO account_type (account_type, station_id)
    VALUES ('Crew', NEW.station_id);
END */;;
DELIMITER ;
/*!50003 SET sql_mode              = @saved_sql_mode */ ;
/*!50003 SET character_set_client  = @saved_cs_client */ ;
/*!50003 SET character_set_results = @saved_cs_results */ ;
/*!50003 SET collation_connection  = @saved_col_connection */ ;

--
-- Table structure for table `user_accounts`
--

DROP TABLE IF EXISTS `user_accounts`;
/*!40101 SET @saved_cs_client     = @@character_set_client */;
/*!40101 SET character_set_client = utf8 */;
CREATE TABLE `user_accounts` (
  `user_id` int(11) NOT NULL AUTO_INCREMENT,
  `account_type_id` int(11) NOT NULL,
  `username` varchar(45) NOT NULL,
  `password_hash` varchar(150) NOT NULL,
  PRIMARY KEY (`user_id`),
  UNIQUE KEY `username` (`username`),
  KEY `account_type_fk` (`account_type_id`),
  CONSTRAINT `account_type_fk` FOREIGN KEY (`account_type_id`) REFERENCES `account_type` (`account_type_id`) ON DELETE CASCADE ON UPDATE CASCADE
) ENGINE=InnoDB AUTO_INCREMENT=10 DEFAULT CHARSET=latin1;
/*!40101 SET character_set_client = @saved_cs_client */;

--
-- Dumping data for table `user_accounts`
--

LOCK TABLES `user_accounts` WRITE;
/*!40000 ALTER TABLE `user_accounts` DISABLE KEYS */;
INSERT INTO `user_accounts` VALUES (1,2,'jj','$2b$10$QvU4Fj69uIsMe/mpTF32n.WlfXmlvxHfsgmlJqRm1w8xxjBpj7N6m'),(2,3,'crew-aviation','$2a$10$pyMYtPfIvE.PAboF3cIx9.IsyW73voMIRxFINohzgeV0I2BxwnrEu'),(7,2,'vincent','$2b$10$u0q0EM6iFIkTHYVApaPCeuhwALZciooF1cGWDI6S1oW571OuLcVz6'),(8,2,'kenneth','$2b$10$2N8v2A9xDQRqfYXpvCXs5e1MBoIxWGpozoD7heR1lyX5xtQzI5J9m'),(9,1,'master','$2b$10$2N8v2A9xDQRqfYXpvCXs5e1MBoIxWGpozoD7heR1lyX5xtQzI5J9m');
/*!40000 ALTER TABLE `user_accounts` ENABLE KEYS */;
UNLOCK TABLES;

--
-- Dumping events for database 'kidzania_v3'
--
/*!50106 SET @save_time_zone= @@TIME_ZONE */ ;
/*!50106 DROP EVENT IF EXISTS `delete_past_limit_setting` */;
DELIMITER ;;
/*!50003 SET @saved_cs_client      = @@character_set_client */ ;;
/*!50003 SET @saved_cs_results     = @@character_set_results */ ;;
/*!50003 SET @saved_col_connection = @@collation_connection */ ;;
/*!50003 SET character_set_client  = utf8 */ ;;
/*!50003 SET character_set_results = utf8 */ ;;
/*!50003 SET collation_connection  = utf8_general_ci */ ;;
/*!50003 SET @saved_sql_mode       = @@sql_mode */ ;;
/*!50003 SET sql_mode              = 'STRICT_TRANS_TABLES,NO_AUTO_CREATE_USER,NO_ENGINE_SUBSTITUTION' */ ;;
/*!50003 SET @saved_time_zone      = @@time_zone */ ;;
/*!50003 SET time_zone             = 'SYSTEM' */ ;;
/*!50106 CREATE*/ /*!50117 DEFINER=`root`@`localhost`*/ /*!50106 EVENT `delete_past_limit_setting` ON SCHEDULE EVERY 1 DAY STARTS '2018-07-26 20:00:00' ON COMPLETION PRESERVE ENABLE DO DELETE FROM booking_limit WHERE current_date() >= session_date */ ;;
/*!50003 SET time_zone             = @saved_time_zone */ ;;
/*!50003 SET sql_mode              = @saved_sql_mode */ ;;
/*!50003 SET character_set_client  = @saved_cs_client */ ;;
/*!50003 SET character_set_results = @saved_cs_results */ ;;
/*!50003 SET collation_connection  = @saved_col_connection */ ;;
/*!50106 DROP EVENT IF EXISTS `seed_daily_sessions_event` */;;
DELIMITER ;;
/*!50003 SET @saved_cs_client      = @@character_set_client */ ;;
/*!50003 SET @saved_cs_results     = @@character_set_results */ ;;
/*!50003 SET @saved_col_connection = @@collation_connection */ ;;
/*!50003 SET character_set_client  = utf8 */ ;;
/*!50003 SET character_set_results = utf8 */ ;;
/*!50003 SET collation_connection  = utf8_general_ci */ ;;
/*!50003 SET @saved_sql_mode       = @@sql_mode */ ;;
/*!50003 SET sql_mode              = 'STRICT_TRANS_TABLES,NO_AUTO_CREATE_USER,NO_ENGINE_SUBSTITUTION' */ ;;
/*!50003 SET @saved_time_zone      = @@time_zone */ ;;
/*!50003 SET time_zone             = 'SYSTEM' */ ;;
/*!50106 CREATE*/ /*!50117 DEFINER=`root`@`localhost`*/ /*!50106 EVENT `seed_daily_sessions_event` ON SCHEDULE EVERY 1 DAY STARTS '2018-06-25 09:00:00' ON COMPLETION PRESERVE ENABLE DO INSERT INTO available_sessions 
	(session_date, session_id, station_id, role_id, noBooked, capacity)
	SELECT current_date(), session_id, s.station_id, s.role_id, 0, capacity
	FROM sessions s LEFT JOIN booking_limit b ON s.role_id = b.role_id 
	AND b.session_date = current_date()
	INNER JOIN stations st ON st.station_id = s.station_id AND st.is_active = true */ ;;
/*!50003 SET time_zone             = @saved_time_zone */ ;;
/*!50003 SET sql_mode              = @saved_sql_mode */ ;;
/*!50003 SET character_set_client  = @saved_cs_client */ ;;
/*!50003 SET character_set_results = @saved_cs_results */ ;;
/*!50003 SET collation_connection  = @saved_col_connection */ ;;
/*!50106 DROP EVENT IF EXISTS `seed_test` */;;
DELIMITER ;;
/*!50003 SET @saved_cs_client      = @@character_set_client */ ;;
/*!50003 SET @saved_cs_results     = @@character_set_results */ ;;
/*!50003 SET @saved_col_connection = @@collation_connection */ ;;
/*!50003 SET character_set_client  = utf8 */ ;;
/*!50003 SET character_set_results = utf8 */ ;;
/*!50003 SET collation_connection  = utf8_general_ci */ ;;
/*!50003 SET @saved_sql_mode       = @@sql_mode */ ;;
/*!50003 SET sql_mode              = 'STRICT_TRANS_TABLES,NO_AUTO_CREATE_USER,NO_ENGINE_SUBSTITUTION' */ ;;
/*!50003 SET @saved_time_zone      = @@time_zone */ ;;
/*!50003 SET time_zone             = 'SYSTEM' */ ;;
/*!50106 CREATE*/ /*!50117 DEFINER=`root`@`localhost`*/ /*!50106 EVENT `seed_test` ON SCHEDULE EVERY 1 DAY STARTS '2018-07-10 13:30:00' ENDS '2018-08-06 13:30:00' ON COMPLETION PRESERVE DISABLE DO INSERT INTO available_sessions 
	(session_date, session_id, station_id, role_id, noBooked, capacity)
	SELECT current_date(), session_id, s.station_id, s.role_id, 0, capacity
	FROM sessions s LEFT JOIN booking_limit b ON s.role_id = b.role_id 
	AND b.session_date = current_date()
	INNER JOIN stations st ON st.station_id = s.station_id AND st.is_active = true */ ;;
/*!50003 SET time_zone             = @saved_time_zone */ ;;
/*!50003 SET sql_mode              = @saved_sql_mode */ ;;
/*!50003 SET character_set_client  = @saved_cs_client */ ;;
/*!50003 SET character_set_results = @saved_cs_results */ ;;
/*!50003 SET collation_connection  = @saved_col_connection */ ;;
DELIMITER ;
/*!50106 SET TIME_ZONE= @save_time_zone */ ;
/*!40103 SET TIME_ZONE=@OLD_TIME_ZONE */;

/*!40101 SET SQL_MODE=@OLD_SQL_MODE */;
/*!40014 SET FOREIGN_KEY_CHECKS=@OLD_FOREIGN_KEY_CHECKS */;
/*!40014 SET UNIQUE_CHECKS=@OLD_UNIQUE_CHECKS */;
/*!40101 SET CHARACTER_SET_CLIENT=@OLD_CHARACTER_SET_CLIENT */;
/*!40101 SET CHARACTER_SET_RESULTS=@OLD_CHARACTER_SET_RESULTS */;
/*!40101 SET COLLATION_CONNECTION=@OLD_COLLATION_CONNECTION */;
/*!40111 SET SQL_NOTES=@OLD_SQL_NOTES */;

-- Dump completed on 2018-08-06 23:53:20
